general-projectname,general-readlength,general-runname,general-samplename,subsample-rawreads,subsample-subsampledreads,fastqc-meanreadqualityR1,fastqc-pct-adapter,fastqc-pct-deduplicated,fastqc-pct-dimer,fastqc-pct-gc,fastqc-sequencelength,fastqc-totalsequences,fastqspeciesscreen-pct-Adapters,fastqspeciesscreen-pct-Chloroplast,fastqspeciesscreen-pct-Mitochondria,fastqspeciesscreen-pct-NoHit,fastqspeciesscreen-pct-PhiX,fastqspeciesscreen-pct-Vectors,fastqspeciesscreen-pct-ecoli,fastqspeciesscreen-pct-human,fastqspeciesscreen-pct-mouse,fastqspeciesscreen-pct-rRNA
Reddy2_Project_002,101,230411_VH00601_152_AACLJHTM5,106.L001,2506344,2506344,31.9,5.89,63.97,0.09,57,101,2000000,0.00,0.00,0.00,94.13,0.00,0.00,0.00,0.14,0.46,5.27
Reddy2_Project_002,101,230411_VH00601_152_AACLJHTM5,107.L001,189950,189950,28.8,4.28,40.28,3.22,65,101,189950,0.00,0.00,0.00,72.00,0.00,0.00,0.04,1.81,17.01,9.14
Reddy2_Project_002,101,230411_VH00601_152_AACLJHTM5,108.L001,2591004,2591004,31.9,5.84,63.69,0.13,57,101,2000000,0.00,0.00,0.00,94.00,0.00,0.00,0.00,0.21,0.55,5.24
Reddy2_Project_002,101,230411_VH00601_152_AACLJHTM5,109.L001,2594739,2594739,31.9,5.31,64.32,0.07,56,101,2000000,0.00,0.00,0.00,95.05,0.00,0.00,0.00,0.57,0.16,4.22
Reddy2_Project_002,101,230411_VH00601_152_AACLJHTM5,110.L001,2868088,2868088,31.8,6.35,62.94,0.10,57,101,2000000,0.00,0.00,0.00,93.37,0.00,0.00,0.00,0.15,0.60,5.88
Reddy2_Project_002,101,230411_VH00601_152_AACLJHTM5,111.L001,3375231,3375231,31.8,6.69,63.17,0.10,57,101,2000000,0.00,0.00,0.00,93.13,0.00,0.00,0.00,0.59,0.27,6.01
Reddy2_Project_002,101,230411_VH00601_152_AACLJHTM5,112.L001,2609344,2609344,31.8,5.48,64.58,0.08,56,101,2000000,0.00,0.00,0.00,94.08,0.00,0.00,0.00,0.14,0.65,5.13
Reddy2_Project_002,101,230411_VH00601_152_AACLJHTM5,113.L001,2627003,2627003,31.8,5.13,65.58,0.11,56,101,2000000,0.00,0.00,0.00,94.56,0.00,0.00,0.00,0.66,0.18,4.60
Reddy2_Project_002,101,230411_VH00601_152_AACLJHTM5,114.L001,2724451,2724451,31.9,2.82,67.35,0.03,55,101,2000000,0.00,0.00,0.00,96.92,0.00,0.00,0.00,0.55,0.15,2.38
Reddy2_Project_002,101,230411_VH00601_152_AACLJHTM5,115.L001,1898602,1898602,31.9,2.10,69.25,0.03,54,101,1898602,0.00,0.00,0.00,97.43,0.00,0.00,0.00,0.20,0.60,1.77
Reddy2_Project_002,101,230411_VH00601_152_AACLJHTM5,116.L001,2422434,2422434,31.9,2.82,67.69,0.04,55,101,2000000,0.00,0.00,0.00,96.51,0.00,0.00,0.00,0.19,0.70,2.60
Reddy2_Project_002,101,230411_VH00601_152_AACLJHTM5,117.L001,2327138,2327138,31.9,2.10,68.26,0.03,54,101,2000000,0.00,0.00,0.00,97.54,0.00,0.00,0.00,0.20,0.64,1.62
Reddy2_Project_002,101,230411_VH00601_152_AACLJHTM5,118.L001,1259286,1259286,30.8,1.54,81.26,0.01,54,101,1259286,0.00,0.00,0.00,97.62,0.00,0.00,0.00,0.72,0.27,1.39
Reddy2_Project_002,101,230411_VH00601_152_AACLJHTM5,119.L001,1369767,1369767,31.7,2.35,76.87,0.02,54,101,1369767,0.00,0.00,0.00,97.29,0.00,0.00,0.00,0.60,0.13,1.98
Reddy2_Project_002,101,230411_VH00601_152_AACLJHTM5,120.L001,2120657,2120657,31.5,2.50,70.22,0.03,55,101,2000000,0.00,0.00,0.00,97.49,0.00,0.00,0.00,0.11,0.68,1.72
Reddy2_Project_002,101,230411_VH00601_152_AACLJHTM5,121.L001,2667719,2667719,31.9,2.35,67.47,0.03,54,101,2000000,0.00,0.00,0.00,97.48,0.00,0.00,0.00,0.22,0.76,1.54
Reddy2_Project_002,101,230411_VH00601_152_AACLJHTM5,122.L001,3185571,3185571,31.9,5.59,64.47,0.11,56,101,2000000,0.00,0.00,0.00,93.71,0.00,0.00,0.00,0.74,0.28,5.27
Reddy2_Project_002,101,230411_VH00601_152_AACLJHTM5,123.L001,3582230,3582230,31.9,5.82,64.11,0.12,57,101,2000000,0.00,0.00,0.00,93.43,0.00,0.00,0.00,0.50,0.18,5.89
Reddy2_Project_002,101,230411_VH00601_152_AACLJHTM5,124.L001,3272026,3272026,31.9,6.15,63.58,0.14,57,101,2000000,0.00,0.00,0.00,93.15,0.00,0.00,0.00,0.58,0.23,6.04
Reddy2_Project_002,101,230411_VH00601_152_AACLJHTM5,125.L001,2724753,2724753,31.9,4.78,65.86,0.13,56,101,2000000,0.00,0.00,0.00,94.26,0.00,0.00,0.00,0.86,0.29,4.59
Reddy2_Project_002,101,230411_VH00601_152_AACLJHTM5,126.L001,3285465,3285465,31.9,5.96,64.12,0.11,57,101,2000000,0.01,0.00,0.00,93.65,0.00,0.00,0.00,0.62,0.15,5.57
Reddy2_Project_002,101,230411_VH00601_152_AACLJHTM5,127.L001,3332286,3332286,31.9,7.08,63.83,0.16,57,101,2000000,0.01,0.00,0.00,92.48,0.00,0.00,0.00,0.24,0.51,6.76
Reddy2_Project_002,101,230411_VH00601_152_AACLJHTM5,128.L001,3234405,3234405,31.9,5.93,62.64,0.10,57,101,2000000,0.00,0.00,0.00,93.12,0.00,0.00,0.00,0.55,0.23,6.10
Reddy2_Project_002,101,230411_VH00601_152_AACLJHTM5,129.L001,3177782,3177782,31.9,6.11,64.95,0.14,56,101,2000000,0.00,0.00,0.00,92.90,0.00,0.00,0.00,0.17,0.66,6.27
Reddy2_Project_002,101,230411_VH00601_152_AACLJHTM5,130.L001,3276248,3276248,31.8,5.29,63.99,0.07,56,101,2000000,0.00,0.00,0.00,94.51,0.00,0.00,0.00,0.60,0.19,4.70
Reddy2_Project_002,101,230411_VH00601_152_AACLJHTM5,131.L001,2935832,2935832,31.9,4.70,63.62,0.07,56,101,2000000,0.00,0.00,0.00,94.82,0.00,0.00,0.00,0.17,0.66,4.35
Reddy2_Project_002,101,230411_VH00601_152_AACLJHTM5,132.L001,2779558,2779558,31.9,4.22,64.51,0.05,56,101,2000000,0.00,0.00,0.00,95.98,0.00,0.00,0.00,0.61,0.22,3.19
Reddy2_Project_002,101,230411_VH00601_152_AACLJHTM5,133.L001,2846721,2846721,31.9,4.72,65.16,0.08,56,101,2000000,0.00,0.00,0.00,95.27,0.00,0.00,0.00,0.60,0.24,3.89
Reddy2_Project_002,101,230411_VH00601_152_AACLJHTM5,134.L001,2769614,2769614,31.4,4.93,68.01,0.07,56,101,2000000,0.00,0.00,0.00,94.92,0.00,0.00,0.00,0.61,0.16,4.31
Reddy2_Project_002,101,230411_VH00601_152_AACLJHTM5,135.L001,2941781,2941781,31.5,5.34,66.92,0.08,57,101,2000000,0.00,0.00,0.00,94.09,0.00,0.00,0.00,0.28,0.74,4.89
Reddy2_Project_002,101,230411_VH00601_152_AACLJHTM5,136.L001,2679271,2679271,31.8,4.94,64.49,0.06,56,101,2000000,0.00,0.00,0.00,95.18,0.00,0.00,0.00,0.18,0.43,4.21
Reddy2_Project_002,101,230411_VH00601_152_AACLJHTM5,137.L001,2424832,2424832,31.6,1.74,66.78,0.36,53,101,2000000,0.00,0.00,0.00,95.71,0.00,0.00,0.00,0.41,1.53,2.35
Reddy2_Project_002,101,230411_VH00601_152_AACLJHTM5,138.L001,2564195,2564195,31.7,4.07,66.11,0.39,56,101,2000000,0.00,0.00,0.00,94.79,0.00,0.00,0.00,0.37,1.02,3.82
Reddy2_Project_002,101,230411_VH00601_152_AACLJHTM5,139.L001,2684855,2684855,31.8,4.86,64.61,0.08,56,101,2000000,0.00,0.00,0.00,94.83,0.00,0.00,0.00,0.63,0.22,4.32
Reddy2_Project_002,101,230411_VH00601_152_AACLJHTM5,140.L001,2380192,2380192,31.6,3.73,65.73,0.45,57,101,2000000,0.00,0.00,0.00,94.35,0.00,0.00,0.00,1.40,0.71,3.54
Reddy2_Project_002,101,230411_VH00601_152_AACLJHTM5,141.L001,1953793,1953793,31.5,1.26,64.10,0.42,55,101,1953793,0.00,0.00,0.00,94.91,0.00,0.00,0.00,3.17,1.01,0.91
Reddy2_Project_002,101,230411_VH00601_152_AACLJHTM5,142.L001,2531600,2531600,31.6,3.86,64.33,0.30,54,101,2000000,0.00,0.00,0.00,95.00,0.00,0.00,0.00,0.30,0.91,3.79
Reddy2_Project_002,101,230411_VH00601_152_AACLJHTM5,143.L001,2475733,2475733,31.3,1.96,60.87,0.61,55,101,2000000,0.00,0.00,0.00,94.85,0.00,0.00,0.01,0.91,2.97,1.26
Reddy2_Project_002,101,230411_VH00601_152_AACLJHTM5,144.L001,2236239,2236239,31.6,3.01,64.27,0.25,54,101,2000000,0.00,0.00,0.00,95.55,0.00,0.00,0.00,0.32,1.18,2.95
Reddy2_Project_002,101,230411_VH00601_152_AACLJHTM5,145.L001,2721950,2721950,31.8,4.98,64.92,0.14,56,101,2000000,0.00,0.00,0.00,94.60,0.00,0.00,0.00,0.73,0.22,4.45
Reddy2_Project_002,101,230411_VH00601_152_AACLJHTM5,146.L001,1706525,1706525,31.6,1.35,48.46,0.41,54,101,1706525,0.00,0.00,0.00,95.22,0.00,0.00,0.00,2.81,0.76,1.21
Reddy2_Project_002,101,230411_VH00601_152_AACLJHTM5,147.L001,3145679,3145679,31.9,4.63,65.80,0.10,56,101,2000000,0.00,0.00,0.00,94.79,0.00,0.00,0.00,0.28,0.76,4.17
Reddy2_Project_002,101,230411_VH00601_152_AACLJHTM5,148.L001,3016728,3016728,31.8,4.19,66.21,0.25,55,101,2000000,0.00,0.01,0.00,94.25,0.00,0.00,0.01,0.41,1.06,4.26
Reddy2_Project_002,101,230411_VH00601_152_AACLJHTM5,149.L001,2793641,2793641,31.8,3.46,66.53,0.17,56,101,2000000,0.00,0.00,0.00,95.76,0.00,0.00,0.00,0.29,1.01,2.94
Reddy2_Project_002,101,230411_VH00601_152_AACLJHTM5,150.L001,2852724,2852724,31.7,2.21,59.19,0.30,51,101,2000000,0.00,0.00,0.00,96.52,0.00,0.00,0.00,0.24,1.00,2.24
Reddy2_Project_002,101,230411_VH00601_152_AACLJHTM5,151.L001,3400637,3400637,31.6,5.00,67.51,0.08,57,101,2000000,0.00,0.00,0.00,94.41,0.00,0.00,0.00,0.66,0.22,4.71
Reddy2_Project_002,101,230411_VH00601_152_AACLJHTM5,152.L001,2967980,2967980,31.8,4.56,63.95,0.08,57,101,2000000,0.00,0.00,0.00,95.10,0.00,0.00,0.00,0.21,0.57,4.12
Reddy2_Project_002,101,230411_VH00601_152_AACLJHTM5,153.L001,3114740,3114740,31.9,5.26,64.81,0.10,57,101,2000000,0.00,0.00,0.00,94.13,0.00,0.00,0.00,0.24,0.67,4.96
Reddy2_Project_002,101,230411_VH00601_152_AACLJHTM5,154.L001,2948404,2948404,31.8,4.05,63.27,0.18,56,101,2000000,0.00,0.00,0.00,94.88,0.00,0.00,0.00,0.37,0.91,3.84
Reddy2_Project_002,101,230411_VH00601_152_AACLJHTM5,155.L001,2531445,2531445,31.7,2.16,61.70,0.38,52,101,2000000,0.00,0.00,0.00,95.62,0.00,0.00,0.00,0.36,1.54,2.48
Reddy2_Project_002,101,230411_VH00601_152_AACLJHTM5,156.L001,3019200,3019200,31.9,4.30,65.38,0.14,56,101,2000000,0.00,0.00,0.00,94.73,0.00,0.00,0.00,0.23,0.83,4.21
Reddy2_Project_002,101,230411_VH00601_152_AACLJHTM5,157.L001,2887290,2887290,31.9,4.07,64.83,0.13,56,101,2000000,0.00,0.00,0.00,94.93,0.00,0.00,0.00,0.28,0.81,3.98
Reddy2_Project_002,101,230411_VH00601_152_AACLJHTM5,158.L001,3076741,3076741,31.7,4.16,67.28,0.10,56,101,2000000,0.00,0.00,0.00,95.56,0.00,0.00,0.00,0.61,0.30,3.53
Reddy2_Project_002,101,230411_VH00601_152_AACLJHTM5,159.L001,3096768,3096768,31.8,4.69,64.40,0.07,56,101,2000000,0.00,0.00,0.00,94.87,0.00,0.00,0.00,0.48,0.18,4.47
Reddy2_Project_002,101,230411_VH00601_152_AACLJHTM5,16.2nd.seq.L001,2768707,2768707,31.7,4.47,65.11,0.12,56,101,2000000,0.00,0.00,0.00,94.69,0.00,0.00,0.00,0.20,0.73,4.38
Reddy2_Project_002,101,230411_VH00601_152_AACLJHTM5,160.L001,3040254,3040254,31.7,4.03,65.08,0.14,56,101,2000000,0.00,0.00,0.00,95.12,0.00,0.00,0.00,0.32,0.86,3.70
Reddy2_Project_002,101,230411_VH00601_152_AACLJHTM5,161.L001,3237602,3237602,31.8,4.34,64.91,0.11,56,101,2000000,0.00,0.00,0.00,95.26,0.00,0.00,0.00,0.24,0.65,3.85
Reddy2_Project_002,101,230411_VH00601_152_AACLJHTM5,162.L001,3433327,3433327,31.9,4.81,63.74,0.05,56,101,2000000,0.00,0.00,0.00,94.86,0.00,0.00,0.00,0.48,0.22,4.44
Reddy2_Project_002,101,230411_VH00601_152_AACLJHTM5,163.L001,2909579,2909579,31.9,3.81,66.20,0.12,56,101,2000000,0.00,0.00,0.00,95.46,0.00,0.00,0.00,0.24,0.72,3.58
Reddy2_Project_002,101,230411_VH00601_152_AACLJHTM5,164.L001,2887200,2887200,31.8,4.43,65.70,0.20,56,101,2000000,0.00,0.00,0.00,94.38,0.00,0.00,0.00,0.40,0.92,4.30
Reddy2_Project_002,101,230411_VH00601_152_AACLJHTM5,165.L001,2827721,2827721,31.9,4.38,65.87,0.11,56,101,2000000,0.00,0.00,0.00,94.76,0.00,0.00,0.00,0.23,0.70,4.31
Reddy2_Project_002,101,230411_VH00601_152_AACLJHTM5,166.L001,3208668,3208668,31.8,4.91,64.84,0.07,57,101,2000000,0.00,0.00,0.00,94.23,0.00,0.00,0.00,0.70,0.21,4.86
Reddy2_Project_002,101,230411_VH00601_152_AACLJHTM5,167.L001,3554467,3554467,31.8,4.78,65.83,0.12,56,101,2000000,0.00,0.00,0.00,94.37,0.00,0.00,0.00,0.22,0.76,4.65
Reddy2_Project_002,101,230411_VH00601_152_AACLJHTM5,168.L001,2854677,2854677,31.6,4.17,66.03,0.16,56,101,2000000,0.01,0.00,0.00,94.75,0.00,0.00,0.00,0.30,0.77,4.17
Reddy2_Project_002,101,230411_VH00601_152_AACLJHTM5,169.L001,3017118,3017118,31.9,4.57,65.58,0.08,56,101,2000000,0.00,0.00,0.00,95.03,0.00,0.00,0.00,0.20,0.55,4.22
Reddy2_Project_002,101,230411_VH00601_152_AACLJHTM5,170.L001,3032701,3032701,31.9,4.36,61.67,0.01,56,101,2000000,0.00,0.00,0.00,96.04,0.00,0.00,0.00,0.50,0.13,3.33
Reddy2_Project_002,101,230411_VH00601_152_AACLJHTM5,171.L001,2807443,2807443,32.0,5.33,60.95,0.01,57,101,2000000,0.00,0.00,0.00,94.95,0.00,0.00,0.00,0.42,0.14,4.49
Reddy2_Project_002,101,230411_VH00601_152_AACLJHTM5,172.L001,2935637,2935637,32.0,4.11,62.67,0.01,56,101,2000000,0.00,0.00,0.00,96.18,0.00,0.00,0.00,0.51,0.14,3.17
Reddy2_Project_002,101,230411_VH00601_152_AACLJHTM5,173.L001,2901769,2901769,32.0,4.10,62.19,0.01,56,101,2000000,0.00,0.00,0.00,96.52,0.00,0.00,0.00,0.45,0.11,2.92
Reddy2_Project_002,101,230411_VH00601_152_AACLJHTM5,174.L001,3061495,3061495,31.9,3.84,61.89,0.01,56,101,2000000,0.00,0.00,0.00,96.18,0.00,0.00,0.00,0.48,0.11,3.23
Reddy2_Project_002,101,230411_VH00601_152_AACLJHTM5,175.L001,3407818,3407818,31.9,5.12,61.56,0.01,58,101,2000000,0.00,0.00,0.00,95.00,0.00,0.00,0.00,0.63,0.24,4.13
Reddy2_Project_002,101,230411_VH00601_152_AACLJHTM5,176.L001,2670367,2670367,31.9,3.86,62.10,0.01,56,101,2000000,0.00,0.00,0.00,96.82,0.00,0.00,0.00,0.43,0.11,2.64
Reddy2_Project_002,101,230411_VH00601_152_AACLJHTM5,177.L001,2777903,2777903,32.0,3.70,62.88,0.01,56,101,2000000,0.00,0.01,0.00,96.62,0.00,0.00,0.00,0.17,0.49,2.71
Reddy2_Project_002,101,230411_VH00601_152_AACLJHTM5,178.L001,2320718,2320718,31.9,4.25,62.02,0.03,56,101,2000000,0.00,0.00,0.00,95.74,0.00,0.00,0.00,0.49,0.19,3.58
Reddy2_Project_002,101,230411_VH00601_152_AACLJHTM5,179.L001,2803861,2803861,31.9,5.35,62.97,0.04,56,101,2000000,0.00,0.00,0.00,94.96,0.00,0.00,0.00,0.42,0.09,4.53
Reddy2_Project_002,101,230411_VH00601_152_AACLJHTM5,180.L001,2236486,2236486,32.0,2.76,62.56,0.01,56,101,2000000,0.00,0.00,0.00,97.37,0.00,0.00,0.00,0.57,0.19,1.87
Reddy2_Project_002,101,230411_VH00601_152_AACLJHTM5,181.L001,2433663,2433663,31.9,4.46,62.83,0.02,57,101,2000000,0.00,0.00,0.00,94.87,0.00,0.00,0.46,0.55,0.18,3.94
Reddy2_Project_002,101,230411_VH00601_152_AACLJHTM5,182.L001,3137589,3137589,31.9,4.26,63.24,0.01,56,101,2000000,0.00,0.00,0.00,96.07,0.00,0.00,0.00,0.48,0.13,3.32
Reddy2_Project_002,101,230411_VH00601_152_AACLJHTM5,183.L001,2829924,2829924,31.9,3.32,64.17,0.01,56,101,2000000,0.00,0.00,0.00,96.97,0.00,0.00,0.00,0.53,0.21,2.29
Reddy2_Project_002,101,230411_VH00601_152_AACLJHTM5,184.L001,2107661,2107661,31.9,3.14,64.14,0.00,55,101,2000000,0.00,0.00,0.00,97.08,0.00,0.00,0.00,0.52,0.12,2.28
Reddy2_Project_002,101,230411_VH00601_152_AACLJHTM5,185.L001,2500541,2500541,31.9,3.49,63.37,0.01,56,101,2000000,0.00,0.00,0.00,97.28,0.00,0.00,0.00,0.44,0.11,2.17
Reddy2_Project_002,101,230411_VH00601_152_AACLJHTM5,186.L001,2884575,2884575,31.8,7.24,62.14,0.20,58,101,2000000,0.00,0.00,0.00,92.06,0.01,0.00,0.42,0.14,0.40,6.97
Reddy2_Project_002,101,230411_VH00601_152_AACLJHTM5,187.L001,140161,140161,29.8,3.44,60.26,1.91,63,101,140161,0.00,0.00,0.00,84.19,0.00,0.02,0.40,1.36,11.14,2.89
Reddy2_Project_002,101,230411_VH00601_152_AACLJHTM5,188.L001,1904604,1904604,31.8,2.68,28.93,0.21,55,101,1904604,0.00,0.00,0.00,94.18,0.00,0.00,3.26,0.06,0.54,1.96
Reddy2_Project_002,101,230411_VH00601_152_AACLJHTM5,189.L001,2821040,2821040,31.9,8.93,29.26,0.04,61,101,2000000,0.00,0.00,0.00,90.78,0.00,0.01,0.42,0.01,0.07,8.71
Reddy2_Project_002,101,230411_VH00601_152_AACLJHTM5,190.L001,2609991,2609991,31.9,5.18,44.10,0.07,58,101,2000000,0.00,0.00,0.00,95.23,0.00,0.00,0.05,0.26,0.10,4.36
Reddy2_Project_002,101,230411_VH00601_152_AACLJHTM5,191.L001,2522207,2522207,31.7,6.27,63.66,0.35,59,101,2000000,0.00,0.00,0.00,92.81,0.00,0.00,0.00,0.25,0.89,6.05
Reddy2_Project_002,101,230411_VH00601_152_AACLJHTM5,192.L001,2127564,2127564,31.7,6.29,63.13,0.48,59,101,2000000,0.00,0.00,0.00,92.27,0.00,0.00,0.00,0.25,1.12,6.36
Reddy2_Project_002,101,230411_VH00601_152_AACLJHTM5,193.L001,2208139,2208139,31.7,7.57,57.77,0.51,61,101,2000000,0.00,0.00,0.00,91.06,0.00,0.00,0.00,0.27,0.93,7.74
Reddy2_Project_002,101,230411_VH00601_152_AACLJHTM5,194.L001,591156,591156,31.8,5.11,77.16,0.21,60,101,591156,0.00,0.00,0.00,94.30,0.00,0.00,0.00,0.30,0.78,4.62
Reddy2_Project_002,101,230411_VH00601_152_AACLJHTM5,195.L001,509094,509094,31.9,2.85,80.11,0.14,58,101,509094,0.00,0.00,0.00,96.39,0.00,0.00,0.00,0.87,0.25,2.49
Reddy2_Project_002,101,230411_VH00601_152_AACLJHTM5,196.L001,838350,838350,32.0,2.94,77.41,0.06,58,101,838350,0.00,0.00,0.00,96.63,0.00,0.00,0.00,0.63,0.24,2.50
Reddy2_Project_002,101,230411_VH00601_152_AACLJHTM5,197.L001,336950,336950,31.7,3.93,82.72,0.17,59,101,336950,0.00,0.00,0.00,94.72,0.00,0.00,0.01,0.35,0.83,4.09
Reddy2_Project_002,101,230411_VH00601_152_AACLJHTM5,198.L001,1567372,1567372,32.0,2.64,69.74,0.03,57,101,1567372,0.00,0.00,0.00,97.11,0.00,0.00,0.00,0.45,0.19,2.25
Reddy2_Project_002,101,230411_VH00601_152_AACLJHTM5,199.L001,2481945,2481945,31.9,3.50,63.40,0.05,58,101,2000000,0.00,0.00,0.00,96.54,0.00,0.00,0.00,0.20,0.51,2.75
Reddy2_Project_002,101,230411_VH00601_152_AACLJHTM5,200.L001,2188477,2188477,31.9,3.75,59.32,0.06,60,101,2000000,0.00,0.00,0.00,95.78,0.00,0.00,0.00,0.21,0.65,3.36
Reddy2_Project_002,101,230411_VH00601_152_AACLJHTM5,201.L001,391852,391852,31.9,4.23,81.50,0.19,59,101,391852,0.00,0.00,0.00,95.06,0.00,0.00,0.00,0.30,0.91,3.73
Reddy2_Project_002,101,230411_VH00601_152_AACLJHTM5,202.L001,3288143,3288143,31.9,8.18,61.55,0.17,59,101,2000000,0.00,0.00,0.00,91.08,0.00,0.00,0.00,0.51,0.11,8.30
Reddy2_Project_002,101,230411_VH00601_152_AACLJHTM5,203.L001,3606740,3606740,31.9,7.79,60.33,0.27,59,101,2000000,0.00,0.00,0.00,90.99,0.00,0.00,0.00,0.52,0.25,8.24
Reddy2_Project_002,101,230411_VH00601_152_AACLJHTM5,205.L001,2024268,2024268,31.8,1.71,65.98,0.41,54,101,2000000,0.00,0.00,0.00,95.76,0.00,0.00,0.02,0.36,1.55,2.31
Reddy2_Project_002,101,230411_VH00601_152_AACLJHTM5,206.L001,1665539,1665539,31.9,3.39,69.80,0.04,56,101,1665539,0.00,0.00,0.00,96.36,0.00,0.00,0.01,0.20,0.56,2.87
Reddy2_Project_002,101,230411_VH00601_152_AACLJHTM5,207.L001,2019222,2019222,31.8,2.08,65.81,0.46,54,101,2000000,0.00,0.00,0.00,95.07,0.00,0.00,0.00,0.28,1.64,3.01
Reddy2_Project_002,101,230411_VH00601_152_AACLJHTM5,208.L001,2486262,2486262,31.7,3.54,68.02,0.29,55,101,2000000,0.00,0.00,0.00,94.89,0.00,0.00,0.00,0.29,0.91,3.91
Reddy2_Project_002,101,230411_VH00601_152_AACLJHTM5,209.L001,2290328,2290328,31.9,4.83,64.94,0.13,56,101,2000000,0.00,0.00,0.00,94.76,0.00,0.00,0.00,0.08,0.55,4.61
Reddy2_Project_002,101,230411_VH00601_152_AACLJHTM5,210.L001,1932054,1932054,31.8,1.55,65.54,0.48,53,101,1932054,0.00,0.00,0.00,95.98,0.00,0.00,0.00,0.39,1.30,2.33
Reddy2_Project_002,101,230411_VH00601_152_AACLJHTM5,211.L001,1763329,1763329,31.7,3.91,69.89,0.08,55,101,1763329,0.00,0.00,0.00,95.42,0.01,0.00,0.00,0.23,0.69,3.65
Reddy2_Project_002,101,230411_VH00601_152_AACLJHTM5,212.L001,2578355,2578355,31.8,3.50,67.12,0.11,55,101,2000000,0.00,0.00,0.00,96.02,0.00,0.00,0.00,0.13,0.72,3.13
Reddy2_Project_002,101,230411_VH00601_152_AACLJHTM5,213.L001,1931628,1931628,31.8,3.16,68.28,0.15,55,101,1931628,0.00,0.00,0.00,96.02,0.00,0.01,0.00,0.29,0.80,2.88
Reddy2_Project_002,101,230411_VH00601_152_AACLJHTM5,214.L001,1871676,1871676,31.5,1.82,68.47,0.25,54,101,1871676,0.00,0.00,0.00,95.27,0.00,0.00,0.00,0.38,1.51,2.84
Reddy2_Project_002,101,230411_VH00601_152_AACLJHTM5,215.L001,858707,858707,31.9,2.14,81.24,0.01,55,101,858707,0.00,0.00,0.00,97.62,0.00,0.00,0.00,0.51,0.17,1.70
Reddy2_Project_002,101,230411_VH00601_152_AACLJHTM5,216.L001,2236397,2236397,31.7,3.74,67.28,0.08,55,101,2000000,0.00,0.00,0.00,95.41,0.00,0.00,0.00,0.56,0.16,3.87
Reddy2_Project_002,101,230411_VH00601_152_AACLJHTM5,217.L001,1562347,1562347,31.8,3.34,70.35,0.15,55,101,1562347,0.00,0.00,0.00,96.04,0.00,0.00,0.00,0.24,0.81,2.91
Reddy2_Project_002,101,230411_VH00601_152_AACLJHTM5,218.L001,1340149,1340149,31.9,3.10,73.77,0.05,55,101,1340149,0.00,0.00,0.00,96.64,0.00,0.00,0.00,0.58,0.22,2.56
Reddy2_Project_002,101,230411_VH00601_152_AACLJHTM5,219.L001,2440976,2440976,31.6,4.79,66.73,0.07,56,101,2000000,0.00,0.00,0.00,94.74,0.00,0.00,0.00,0.20,0.62,4.44
Reddy2_Project_002,101,230411_VH00601_152_AACLJHTM5,220.L001,1343165,1343165,31.5,0.95,69.53,0.38,53,101,1343165,0.00,0.00,0.00,95.66,0.00,0.00,0.00,0.48,3.14,0.72
Reddy2_Project_002,101,230411_VH00601_152_AACLJHTM5,221.L001,1882131,1882131,31.9,3.51,67.99,0.05,55,101,1882131,0.00,0.00,0.00,96.18,0.00,0.00,0.00,0.51,0.18,3.13
Reddy2_Project_002,101,230411_VH00601_152_AACLJHTM5,222.L001,1971368,1971368,31.7,3.81,68.49,0.18,55,101,1971368,0.00,0.00,0.00,95.47,0.00,0.00,0.00,0.27,0.74,3.52
Reddy2_Project_002,101,230411_VH00601_152_AACLJHTM5,223.L001,2522576,2522576,31.8,7.00,62.95,0.11,57,101,2000000,0.00,0.00,0.00,92.54,0.00,0.00,0.00,0.53,0.24,6.69
Reddy2_Project_002,101,230411_VH00601_152_AACLJHTM5,224.L001,1993672,1993672,31.5,1.71,66.12,0.27,52,101,1993672,0.00,0.01,0.00,96.44,0.00,0.00,0.00,0.36,1.28,1.91
Reddy2_Project_002,101,230411_VH00601_152_AACLJHTM5,225.L001,1875136,1875136,31.8,4.30,67.53,0.13,55,101,1875136,0.00,0.00,0.00,95.59,0.00,0.00,0.00,0.19,0.70,3.52
Reddy2_Project_002,101,230411_VH00601_152_AACLJHTM5,226.L001,1934505,1934505,31.7,2.67,68.03,0.25,53,101,1934505,0.00,0.00,0.00,96.04,0.00,0.00,0.00,0.34,1.08,2.54
Reddy2_Project_002,101,230411_VH00601_152_AACLJHTM5,227.L001,2329194,2329194,31.8,4.49,67.22,0.14,55,101,2000000,0.00,0.00,0.00,94.85,0.00,0.00,0.00,0.20,0.64,4.31
Reddy2_Project_002,101,230411_VH00601_152_AACLJHTM5,228.L001,2865679,2865679,31.8,2.28,67.55,0.18,53,101,2000000,0.00,0.00,0.00,96.47,0.00,0.00,0.00,0.23,0.89,2.41
Reddy2_Project_002,101,230411_VH00601_152_AACLJHTM5,229.L001,2455592,2455592,31.9,3.49,67.57,0.09,54,101,2000000,0.00,0.00,0.00,95.91,0.00,0.00,0.01,0.26,0.80,3.02
Reddy2_Project_002,101,230411_VH00601_152_AACLJHTM5,230.L001,2235345,2235345,31.7,2.90,66.35,0.26,54,101,2000000,0.00,0.00,0.00,95.88,0.00,0.00,0.00,0.21,1.03,2.88
Reddy2_Project_002,101,230411_VH00601_152_AACLJHTM5,231.L001,2784129,2784129,31.8,2.99,65.43,0.13,53,101,2000000,0.00,0.00,0.00,96.52,0.00,0.00,0.00,0.21,0.67,2.60
Reddy2_Project_002,101,230411_VH00601_152_AACLJHTM5,232.L001,2308006,2308006,31.7,1.63,66.87,0.27,52,101,2000000,0.00,0.00,0.00,96.86,0.00,0.00,0.00,0.35,1.03,1.76
Reddy2_Project_002,101,230411_VH00601_152_AACLJHTM5,233.L001,2172390,2172390,31.8,3.34,67.36,0.16,55,101,2000000,0.00,0.00,0.00,95.55,0.00,0.00,0.00,0.25,1.03,3.17
Reddy2_Project_002,101,230411_VH00601_152_AACLJHTM5,234.L001,2745231,2745231,31.9,4.43,66.04,0.13,55,101,2000000,0.00,0.00,0.00,95.64,0.00,0.00,0.00,0.22,0.69,3.45
Reddy2_Project_002,101,230411_VH00601_152_AACLJHTM5,235.L001,2505639,2505639,31.6,2.85,68.36,0.18,54,101,2000000,0.00,0.00,0.00,95.86,0.00,0.00,0.00,0.28,1.06,2.80
Reddy2_Project_002,101,230411_VH00601_152_AACLJHTM5,236.L001,2611713,2611713,31.9,2.12,65.20,0.05,54,101,2000000,0.00,0.00,0.00,96.79,0.00,0.00,0.00,0.19,1.06,1.96
Reddy2_Project_002,101,230411_VH00601_152_AACLJHTM5,237.L001,2235168,2235168,31.8,2.57,65.26,0.16,53,101,2000000,0.00,0.00,0.00,96.13,0.00,0.00,0.00,0.31,1.06,2.50
Reddy2_Project_002,101,230411_VH00601_152_AACLJHTM5,238.L001,1843389,1843389,31.5,2.45,71.00,0.06,54,101,1843389,0.00,0.00,0.00,96.52,0.00,0.00,0.00,0.31,0.82,2.35
Reddy2_Project_002,101,230411_VH00601_152_AACLJHTM5,239.L001,3015433,3015433,31.9,3.46,66.17,0.10,55,101,2000000,0.00,0.00,0.00,96.06,0.00,0.00,0.00,0.19,0.85,2.90
Reddy2_Project_002,101,230411_VH00601_152_AACLJHTM5,24.2nd.seq.L001,2704908,2704908,31.9,5.13,64.26,0.08,56,101,2000000,0.00,0.00,0.00,94.23,0.00,0.00,0.00,0.53,0.20,5.04
Reddy2_Project_002,101,230411_VH00601_152_AACLJHTM5,40.2nd.seq.L001,2816261,2816261,31.9,5.02,64.10,0.12,57,101,2000000,0.00,0.00,0.00,93.85,0.00,0.00,0.00,0.26,0.82,5.07
Reddy2_Project_002,101,230411_VH00601_152_AACLJHTM5,8.2nd.seq.L001,2818477,2818477,31.7,3.87,67.88,0.15,55,101,2000000,0.00,0.00,0.00,94.80,0.00,0.00,0.00,0.32,0.98,3.90
Reddy2_Project_002,101,230411_VH00601_152_AACLJHTM5,98.2nd.seq.L001,2239425,2239425,31.9,3.66,67.32,0.06,55,101,2000000,0.00,0.00,0.00,95.84,0.00,0.00,0.00,0.70,0.19,3.27
undef,101.00,230411_VH00601_152_AACLJHTM5,Mean,2468407.36,2468407.36,31.76,4.08,65.06,0.18,55.92,101.00,1872654.04,0.00,0.00,0.00,94.93,0.00,0.00,0.04,0.44,0.81,3.78,
